ProductID,Name,Category,Brand,Price,Size,Description,Ingredients,PlasticFree,Vegan,LocallyMade,CarbonNeutralShipping,EcoBadges,Inventory,Rating,ReviewCount,SupplierID,SupplierName,SupplierEmail,Certification,ImageURL,RelatedProductIDs
P001,Bamboo Toothbrush,Personal Care,GreenSmile,4.99,1 pack,"Soft bristles with a compostable bamboo handle.","Bamboo, castor bean oil bristles",TRUE,TRUE,FALSE,TRUE,"Plastic-Free;Vegan",120,4.7,184,S001,EcoSupply Co.,supplier@ecosupply.com,Plastic-Free Certified,P001-bamboo-toothbrush.png,P002;P008
P002,Shampoo Bar,Personal Care,NatureBar,8.50,3.5 oz,"pH-balanced shampoo bar for normal hair.","Sodium cocoyl isethionate, shea butter, lavender oil",TRUE,TRUE,TRUE,TRUE,"Plastic-Free;Vegan;Locally Made",75,4.6,92,S002,Local Roots,orders@localroots.com,Vegan Society,P002-shampoo-bar.png,P001;P010
P003,Reusable Produce Bags,Household,EarthTote,12.99,5 pack,"Washable mesh bags for produce and bulk goods.","Organic cotton mesh",TRUE,TRUE,FALSE,TRUE,"Plastic-Free;Vegan",200,4.8,210,S001,EcoSupply Co.,supplier@ecosupply.com,Plastic-Free Certified,P003-produce-bags.png,P004;P006
P004,Organic Cotton Dish Towels,Household,HomeGreen,15.00,2 pack,"Absorbent, reusable dish towels.","100% organic cotton",FALSE,TRUE,TRUE,TRUE,"Vegan;Locally Made",60,4.5,48,S003,HomeGreen,hello@homegreen.com,GOTS Organic,P004-dish-towels.png,P003;P009
P005,Refillable Cleaning Spray,Household,PureRefill,6.75,16 oz,"Plant-based all-purpose cleaner in a refillable bottle.","Water, caprylyl glucoside, citric acid",TRUE,TRUE,FALSE,TRUE,"Plastic-Free;Vegan",140,4.4,67,S004,PureRefill,contact@purerefill.com,Cradle to Cradle,P005-cleaning-spray.png,P006;P007
P006,Compostable Sponges,Household,CleanLoop,7.25,4 pack,"Plant-based sponges that break down in compost.","Cellulose, loofah",TRUE,TRUE,FALSE,TRUE,"Plastic-Free;Vegan;Compostable",90,4.3,55,S005,CleanLoop,support@cleanloop.com,BPI Compostable,P006-compostable-sponges.png,P003;P005
P007,Eco Laundry Detergent,Household,BlueBottle,18.99,64 oz,"Concentrated plant-based laundry detergent.","Plant-derived surfactants, enzymes",FALSE,TRUE,FALSE,TRUE,"Vegan;Carbon Neutral",110,4.9,320,S006,BlueBottle,care@bluebottle.com,B Corp Certified,P007-eco-laundry-detergent.png,P005;P009
P008,Organic Lip Balm,Personal Care,GreenSmile,3.99,0.15 oz,"Moisturizing lip balm in plastic-free packaging.","Organic coconut oil, beeswax, mint",TRUE,FALSE,FALSE,TRUE,"Plastic-Free",180,4.6,78,S001,EcoSupply Co.,supplier@ecosupply.com,USDA Organic,P008-organic-lip-balm.png,P001;P010
P009,Recycled Toilet Paper,Household,TreeFree,9.99,12 rolls,"Soft toilet paper made from 100% recycled paper.","100% recycled paper",FALSE,TRUE,FALSE,TRUE,"Vegan;Recycled",220,4.5,143,S007,TreeFree,help@treefree.com,FSC Recycled,P009-recycled-toilet-paper.png,P004;P007
P010,Locally Made Lavender Soap,Personal Care,Local Roots,5.50,4 oz,"Handmade lavender soap from a local supplier.","Olive oil, lavender essential oil, lye",TRUE,TRUE,TRUE,TRUE,"Plastic-Free;Vegan;Locally Made",65,4.7,61,S002,Local Roots,orders@localroots.com,Vegan Society,P010-lavender-soap.png,P002;P008
P011,Organic Trail Mix,Pantry,SnackRoots,6.99,8 oz,"Mix of nuts and dried fruit for healthy snacking.","Almonds, cashews, raisins, cranberries",FALSE,TRUE,TRUE,TRUE,"Vegan;Locally Made;Organic",150,4.6,88,S008,SnackRoots,hello@snackroots.com,USDA Organic,P011-organic-trail-mix.png,P012;P010
P012,Fair Trade Coffee,Pantry,BeanKind,11.50,12 oz,"Medium roast whole-bean coffee.","100% Arabica coffee",FALSE,TRUE,FALSE,TRUE,"Vegan;Fair Trade;Carbon Neutral",95,4.8,176,S009,BeanKind,support@beankind.com,Fair Trade Certified,P012-fair-trade-coffee.png,P011;P007
